<?xml version="1.0" encoding="utf-8"?>
<BoD>
  <Header>
    <FromCompany>Language Science Press</FromCompany>
    <FromCompanyNumber>110275446</FromCompanyNumber>
    <SentDate>20170228</SentDate>
    <SentTime>12:11</SentTime>
    <FromPerson>Sebastian Nordhoff</FromPerson>
    <FromEmail>sebastian.nordhoff@langsci-press.org</FromEmail>
  </Header>
  <MasteringOrder>
    <Product>
      <MasteringType>Upload</MasteringType>
      <EAN>9783946234890</EAN>
      <Contributor>
        <ContributorRole>editor</ContributorRole>
        <ContributorName>Neumann, Stella</ContributorName>
        <ContributorShortBio>Stella Neumann is a full professor of English Linguistics at RWTH Aachen University, Germany. She holds a degree in translation from Rheinische Friedrich-Wilhelms-Universität Bonn and received a PhD in translation studies and a habilitation in English linguistics from Saarland University, Saarbrücken, Germany. Her research interests include the combination of corpus-linguistic and experimental methods for the empirical modelling of translation as well as quantitative register analysis across varieties of English and across languages. </ContributorShortBio>
      </Contributor>
      <Contributor>
        <ContributorRole>editor</ContributorRole>
        <ContributorName>Čulo, Oliver</ContributorName>
        <ContributorShortBio>Oliver currently holds an Assistant Professor ("Juniorprofessor") position for Translation-relevant Linguistics at the Translation Faculty at Mainz University. He attended Saarland University, where he received his diploma in computational linguistics and his PhD in machine translation. His thesis work focused on developing ways of automatically comparing verb valence between English and German using parallel corpora. During a one-year stay at ICSI at the University of California in Berkeley in 2011 and 2012, he worked with researchers in the FrameNet Project, who are building a lexical database based on frame semantic analyses. He is interested in how grammar and semantics interact in translation. </ContributorShortBio>
      </Contributor>
      <Contributor>
        <ContributorRole>editor</ContributorRole>
        <ContributorName>Hansen-Schirra, Silvia</ContributorName>
        <ContributorShortBio>Silvia Hansen-Schirra, Dipl.-Übers., Dr. phil., PD, is a full professor of English linguistics and translation studies at Johannes Gutenberg University Mainz in Germersheim, Germany. Her main research interests include specialized communication, text comprehensibility, post-editing, translation process and competence research. As fellow of the Gutenberg Research College she is the director of the Translation &amp; Cognition (TRACO) Center in Germersheim and co-editor of the online book series "Translation and Multilingual Natural Language Processing ".</ContributorShortBio>
      </Contributor>
      <Title>Annotation, exploitation and evaluation of parallel corpora: TC3 1</Title>
	  <Series>Translation and Multilingual Natural Language Processing 3</Series>
	  <EditionNumber>1</EditionNumber>
	  <PublicationDate>20170217</PublicationDate>
	  <Blurb>Exchange between the translation studies and the computational linguistics communities has traditionally not been very intense. Among other things, this is reflected by the different views on parallel corpora. While computational linguistics does not always strictly pay attention to the translation direction (e.g. when translation rules are extracted from (sub)corpora which actually only consist of translations), translation studies are amongst other things concerned with exactly comparing source and target texts (e.g. to draw conclusions on interference and standardization effects). However, there has recently been more exchange between the two fields – especially when it comes to the annotation of parallel corpora. This special issue brings together the different research perspectives. Its contributions show – from both perspectives – how the communities have come to interact in recent years. </Blurb>
      <Height>240</Height>
      <Width>170</Width>
      <Pages>160</Pages>
      <ColouredPages>19</ColouredPages>
      <ColouredPagesPosition>3,24,34,49,92,97,98,111,112,114,115,129,133,138,142,144,145,146,148</ColouredPagesPosition>
      <Paper>white</Paper>
      <Quality>Standard</Quality>
      <Binding>HC</Binding>
      <Back>rounded</Back>
      <Finish>matt</Finish>
      <Language>eng</Language>
      <Subject Scheme="BISAC">COM042000</Subject>
      <InternationalDistribution>Yes</InternationalDistribution>
      <Price>
        <PriceValue>40.00</PriceValue>
        <PriceCurrency>EUR</PriceCurrency>
      </Price>
      <Price>
        <PriceValue>35.00</PriceValue>
        <PriceCurrency>GBP</PriceCurrency>
      </Price>
      <Price>
        <PriceValue>40.00</PriceValue>
        <PriceCurrency>USD</PriceCurrency>
      </Price>
    </Product>
  </MasteringOrder>
</BoD>
